-- phpMyAdmin SQL Dump
-- version 4.5.1
-- http://www.phpmyadmin.net
--
-- Host: 127.0.0.1
-- Generation Time: Mar 18, 2018 at 01:12 AM
-- Server version: 10.1.16-MariaDB
-- PHP Version: 5.6.24

SET SQL_MODE = "NO_AUTO_VALUE_ON_ZERO";
SET time_zone = "+00:00";


/*!40101 SET @OLD_CHARACTER_SET_CLIENT=@@CHARACTER_SET_CLIENT */;
/*!40101 SET @OLD_CHARACTER_SET_RESULTS=@@CHARACTER_SET_RESULTS */;
/*!40101 SET @OLD_COLLATION_CONNECTION=@@COLLATION_CONNECTION */;
/*!40101 SET NAMES utf8mb4 */;

--
-- Database: `vetclinic`
--

-- --------------------------------------------------------

--
-- Table structure for table `client`
--

CREATE TABLE `client` (
  `clientid` int(20) NOT NULL,
  `cname` varchar(40) NOT NULL,
  `email` varchar(30) DEFAULT NULL,
  `contactno` varchar(15) NOT NULL,
  `address` varchar(40) NOT NULL
) ENGINE=MyISAM DEFAULT CHARSET=latin1;

--
-- Dumping data for table `client`
--

INSERT INTO `client` (`clientid`, `cname`, `email`, `contactno`, `address`) VALUES
(1, 'Geisher Bernabe', 'geisher_09@gmail.com', '09509503518', 'Tondo,Manila'),
(3, 'Glenwin Bernabe', 'glenwinbernabe@gmail.com', '09212156798', 'Tondo,Manila'),
(4, 'Jayson Cruz', 'jayson@cruz.com', '09091765432', 'Makati'),
(5, 'Gerwin Bernabe', 'vangiecusi@ymail.com', '09091765432', 'Tondo,Manila'),
(6, 'John', 'john@yahoo.com', '09822227651', '761 Marcelino St.'),
(7, 'Sheira Man-awit', 'shira@yahoo.com', '09994566789', 'Bulacan');

-- --------------------------------------------------------

--
-- Table structure for table `itemhistory`
--

CREATE TABLE `itemhistory` (
  `id` int(11) NOT NULL,
  `itemid` int(11) UNSIGNED NOT NULL,
  `serviceid` varchar(30) NOT NULL,
  `action` varchar(30) NOT NULL,
  `description` text NOT NULL,
  `date` datetime NOT NULL DEFAULT CURRENT_TIMESTAMP,
  `qty` int(20) NOT NULL,
  `total_cost` decimal(20,2) NOT NULL
) ENGINE=MyISAM DEFAULT CHARSET=latin1;

--
-- Dumping data for table `itemhistory`
--

INSERT INTO `itemhistory` (`id`, `itemid`, `serviceid`, `action`, `description`, `date`, `qty`, `total_cost`) VALUES
(1, 1, 'SER-000', 'Add Product', 'Add Product: Item 1 - Anti bacteria with 20 pc/s and price of 300 added ', '0000-00-00 00:00:00', 20, '300.00'),
(2, 1, 'SER-000', 'Sold Item', 'Sold Item: Item 1 - Anti bacteria sold 3 pc/s with total cost of 900. Only 17 pc/s left ', '2017-10-09 23:41:38', 3, '900.00'),
(3, 1, 'SER-000', 'Add Stock', 'Add Stock: Item 1 - Anti bacteria added 3 pc/s', '0000-00-00 00:00:00', 20, '300.00'),
(4, 2, 'SER-000', 'Add Product', 'Add Product: Item 2 - Paracetamol for pups with 50 pc/s and price of 250 added ', '0000-00-00 00:00:00', 50, '250.00'),
(5, 2, 'SER-000', 'Add Stock', 'Add Stock: Item 2 - Paracetamol for pups added 5 pc/s', '2017-10-09 23:41:38', 55, '250.00'),
(6, 1, 'SER-000', 'Sold Item', 'Sold Item: Item 1 - Anti bacteria sold 7 pc/s with total cost of 2100. Only 13 pc/s left ', '2017-10-10 21:05:52', 7, '2100.00'),
(7, 2, 'SER-000', 'Sold Item', 'Sold Item: Item 2 - Paracetamol for pups sold 1 pc/s with total cost of 250. Only 54 pc/s left ', '2017-10-10 21:09:56', 1, '250.00'),
(8, 2, 'SER-000', 'Sold Item', 'Sold Item: Item 2 - Paracetamol for pups sold 15 pc/s with total cost of 3750. Only 9 pc/s left ', '2017-10-10 21:37:15', 15, '3750.00'),
(9, 1, 'SER-000', 'Sold Item', 'Sold Item: Item 1 - Anti bacteria sold 2 pc/s with total cost of 600. Only 11 pc/s left ', '2017-10-10 21:46:24', 2, '600.00'),
(10, 1, 'SER-000', 'Sold Item', 'Sold Item: Item 1 - Anti bacteria sold 1 pc/s with total cost of 300. Only 10 pc/s left ', '2017-10-10 21:51:53', 1, '300.00'),
(11, 2, 'SER-000', 'Sold Item', 'Sold Item: Item 2 - Paracetamol for pups sold 3 pc/s with total cost of 750. Only 6 pc/s left ', '2017-10-10 21:52:10', 3, '750.00'),
(12, 1, 'SER-000', 'Sold Item', 'Sold Item: Item 1 - Anti bacteria sold 1 pc/s with total cost of 300. Only 9 pc/s left ', '2017-10-11 01:50:40', 1, '300.00'),
(13, 2, 'SER-000', 'Sold Item', 'Sold Item: Item 2 - Paracetamol for pups sold 3 pc/s with total cost of 750. Only 3 pc/s left ', '2017-10-11 01:51:41', 3, '750.00'),
(14, 1, 'SER-000', 'Sold Item', 'Sold Item: Item 1 - Anti bacteria sold 1 pc/s with total cost of 300. Only 8 pc/s left ', '2017-10-11 02:34:41', 1, '300.00'),
(15, 2, 'SER-000', 'Sold Item', 'Sold Item: Item 2 - Paracetamol for pups sold 1 pc/s with total cost of 250. Only 2 pc/s left ', '2017-10-11 02:54:19', 1, '250.00'),
(16, 1, 'SER-000', 'Sold Item', 'Sold Item: Item 1 - Anti bacteria sold 1 pc/s with total cost of 300. Only 7 pc/s left ', '2017-10-11 11:03:43', 1, '300.00'),
(17, 3, 'SER-000', 'Add Product', 'Add Product: Item 3 - Pet Shampoo with 100 pc/s and price of 12 added ', '2017-10-11 15:44:15', 100, '12.00'),
(18, 1, 'SER-000', 'Add Stock', 'Add Stock: Item 1 - Anti bacteria added 3 pc/s', '2017-11-01 12:53:13', 10, '300.00'),
(19, 1, 'SER-000', 'Sold Item', 'Sold Item: Item 1 - Anti bacteria sold 2 pc/s with total cost of 600. Only 8 pc/s left ', '2017-11-01 12:54:30', 2, '600.00'),
(20, 2, 'SER-000', 'Add Stock', 'Add Stock: Item 2 - Paracetamol for pups added 1 pc/s', '2018-03-04 02:06:47', 1, '250.00'),
(21, 2, '', 'Sold Item', 'Sold Item: Item 2-Paracetamol for pups sold 1 pc/s with total cost of 250 only 0 pc/s left', '2018-03-14 18:32:38', 1, '250.00'),
(22, 1, '', 'Sold Item', 'Sold Item: Item 1-Anti bacteria sold  pc/s with total cost of 0 only 8 pc/s left', '2018-03-15 02:20:08', 0, '0.00'),
(23, 1, '', 'Sold Item', 'Sold Item: Item 1-Anti bacteria sold 1 pc/s with total cost of 300 only 7 pc/s left', '2018-03-15 02:20:08', 1, '300.00'),
(24, 1, '', 'Sold Item', 'Sold Item: Item 1-Anti bacteria sold 1 pc/s with total cost of 300 only 6 pc/s left', '2018-03-15 02:29:53', 1, '300.00'),
(25, 1, '', 'Sold Item', 'Sold Item: Item 1-Anti bacteria sold 1 pc/s with total cost of 300 only 5 pc/s left', '2018-03-15 02:32:36', 1, '300.00'),
(26, 1, '', 'Sold Item', 'Sold Item: Item 1-Anti bacteria sold  pc/s with total cost of 0 only 5 pc/s left', '2018-03-15 12:39:44', 0, '0.00'),
(27, 1, '', 'Sold Item', 'Sold Item: Item 1-Anti bacteria sold 1 pc/s with total cost of 300 only 4 pc/s left', '2018-03-15 13:41:25', 1, '300.00'),
(28, 1, '', 'Sold Item', 'Sold Item: Item 1-Anti bacteria sold 1 pc/s with total cost of 300 only 5 pc/s left', '2018-03-15 14:28:28', 1, '300.00'),
(29, 8, '', 'Sold Item', 'Sold Item: Item 8-Pedigree Adult 1kg sold 1 pc/s with total cost of 105 only 20 pc/s left', '2018-03-15 14:34:57', 1, '105.00'),
(30, 1, '', 'Sold Item', 'Sold Item: Item 1-Anti bacteria sold 2 pc/s with total cost of 600 only 3 pc/s left', '2018-03-15 15:39:04', 2, '600.00'),
(31, 2, '', 'Sold Item', 'Sold Item: Item 2-Paracetamol for pups sold 10 pc/s with total cost of 2500 only 0 pc/s left', '2018-03-15 15:39:04', 10, '2500.00'),
(32, 1, '', 'Sold Item', 'Sold Item: Item 1-Anti bacteria sold 2 pc/s with total cost of 600 only 1 pc/s left', '2018-03-15 15:40:36', 2, '600.00');

-- --------------------------------------------------------

--
-- Table structure for table `itemstock`
--

CREATE TABLE `itemstock` (
  `itemid` int(11) UNSIGNED NOT NULL,
  `item_desc` varchar(200) NOT NULL,
  `qty_left` int(11) UNSIGNED NOT NULL,
  `item_cost` decimal(10,2) NOT NULL
) ENGINE=InnoDB DEFAULT CHARSET=latin1;

--
-- Dumping data for table `itemstock`
--

INSERT INTO `itemstock` (`itemid`, `item_desc`, `qty_left`, `item_cost`) VALUES
(1, 'Anti bacteria', 1, '300.00'),
(2, 'Paracetamol for pups', 0, '250.00'),
(3, 'Pet Shampoo', 97, '12.00'),
(4, 'Beef Pro Adult 1kg', 22, '90.00'),
(5, 'Vitality Puppy 1kg', 32, '135.00'),
(6, 'Holistic Puppy 1kg ', 16, '135.00'),
(7, 'Holistic Adult 1kg ', 31, '130.00'),
(8, 'Pedigree Adult 1kg', 20, '105.00'),
(9, 'Pedigree Puppy 1kg', 23, '145.00'),
(10, 'Dog Finishing Comb', 10, '500.00'),
(11, 'Dog Grooming Rake', 12, '350.00'),
(12, 'Scourvet Oral Anti-Diarrheal for Dog/Cats 60ml', 100, '155.00'),
(13, 'Drontal Flavor Plus Dog Dewormer', 150, '100.00'),
(14, 'Papi Pirantel Dewormer for Dogs', 210, '42.00'),
(15, 'Detick Anti-Tick Flea Control for Dogs Cats 1cc', 123, '299.00'),
(16, 'Lactomate Milk Stimulant for Lactating Dogs', 200, '150.00'),
(17, 'Bravecto for Dogs', 25, '1400.00'),
(18, 'Nexgard Anti Tick and Flea Chewable Tablets 1kg', 40, '150.75');

-- --------------------------------------------------------

--
-- Table structure for table `items_used`
--

CREATE TABLE `items_used` (
  `items_used_id` int(11) NOT NULL,
  `visitid` varchar(50) NOT NULL,
  `items_used` varchar(30) NOT NULL
) ENGINE=MyISAM DEFAULT CHARSET=latin1;

--
-- Dumping data for table `items_used`
--

INSERT INTO `items_used` (`items_used_id`, `visitid`, `items_used`) VALUES
(12, '17-3-1-1', '1'),
(11, '17-3-1-1', '1'),
(10, '17-5-1-1', '2'),
(9, '17-1000-1-1', '1'),
(13, '18-1-1-2', '2'),
(14, '18-1-1-2', '1'),
(15, '18-1-1-2', '1'),
(16, '18-5-1-2', '1'),
(17, '18-5-1-2', '1'),
(18, '18-5-1-4', '1'),
(19, '18-5-1-4', '1'),
(20, '18-1-1-1', '1'),
(21, '18-7-1-1', '8'),
(22, '18-5-1-3', '1'),
(23, '18-5-1-3', '2'),
(24, '18-7-1-2', '1');

-- --------------------------------------------------------

--
-- Table structure for table `itemusage`
--

CREATE TABLE `itemusage` (
  `itemid` int(11) UNSIGNED NOT NULL,
  `serviceid` int(1) NOT NULL DEFAULT '3',
  `date_used` datetime NOT NULL DEFAULT CURRENT_TIMESTAMP,
  `qty_used` int(11) UNSIGNED NOT NULL,
  `total_cost` decimal(10,2) NOT NULL
) ENGINE=InnoDB DEFAULT CHARSET=latin1;

--
-- Dumping data for table `itemusage`
--

INSERT INTO `itemusage` (`itemid`, `serviceid`, `date_used`, `qty_used`, `total_cost`) VALUES
(1, 3, '2017-10-02 00:00:26', 2, '20.00'),
(2, 3, '2017-10-02 01:01:29', 12, '112.00'),
(1, 3, '2017-10-02 01:55:51', 12, '1234.00'),
(1, 3, '2017-10-02 02:18:21', 2, '1231231.00'),
(1, 3, '2017-10-02 02:22:48', 2, '0.00'),
(1, 3, '2017-10-02 02:23:31', 2, '0.00'),
(1, 3, '2017-10-02 02:24:35', 2, '0.00'),
(1, 3, '2017-10-02 02:27:33', 2, '600.00'),
(1, 3, '2017-10-02 02:28:02', 2, '600.00'),
(1, 3, '2017-10-02 02:29:09', 3, '900.00'),
(1, 3, '2017-10-02 02:30:20', 1, '301.00'),
(1, 3, '2017-10-02 02:31:50', 1, '301.00'),
(3, 3, '2009-12-07 05:50:33', 45, '54540.00'),
(6, 3, '2009-12-07 05:52:31', 4, '1296.00'),
(6, 3, '2009-12-07 05:56:00', 4, '1296.00'),
(1, 3, '2009-12-07 05:56:53', 0, '0.00'),
(6, 3, '2009-12-07 05:57:02', 3, '972.00');

-- --------------------------------------------------------

--
-- Table structure for table `pet`
--

CREATE TABLE `pet` (
  `petid` varchar(20) NOT NULL,
  `clientid` varchar(20) NOT NULL,
  `pname` varchar(20) NOT NULL,
  `breed` varchar(30) NOT NULL,
  `species` varchar(30) NOT NULL,
  `sex` varchar(10) NOT NULL,
  `birthday` varchar(15) NOT NULL,
  `markings` varchar(20) NOT NULL
) ENGINE=MyISAM DEFAULT CHARSET=latin1;

--
-- Dumping data for table `pet`
--

INSERT INTO `pet` (`petid`, `clientid`, `pname`, `breed`, `species`, `sex`, `birthday`, `markings`) VALUES
('6-1', '6', 'brocky', 'Corgi', 'dog', 'm', '2012-03-01', 'brown'),
('5-1', '5', 'chuk', 'Corgi', 'Dog', 'f', '2015-08-17', 'Brown'),
('4-1', '4', 'Hangry', 'Bulldog', 'Dog', 'm', '2015-09-27', 'pink'),
('1003-1', '1003', 'Hangry', 'Sphinx', 'Cat', 'm', '2017-07-18', 'Brown'),
('3-1', '3', 'Flick', 'Corgi', 'Dog', 'm', '2015-10-28', 'White'),
('1002-1', '1002', 'Winter', 'Siberian Husky', 'Dog', 'f', '2016-10-21', 'Black & Yellow'),
('1000-1', '1000', 'Flicka', 'Husky', 'Dog', 'f', '2016-12-07', 'White'),
('1001-1', '1001', 'Dags', 'Corgi', 'Dog', 'm', '2016-09-09', 'Brown'),
('1-1', '1', 'dsa', 'dsa', 'dsa', 'm', '2018-02-22', 'dsa'),
('5-2', '5', 'test', 'corgi', 'Dog', 'm', '2017-11-01', 'est'),
('7-1', '7', 'shi', 'corgi', 'Dog', 'm', '2018-01-02', 'black');

-- --------------------------------------------------------

--
-- Table structure for table `schedule`
--

CREATE TABLE `schedule` (
  `ID` int(11) NOT NULL,
  `title` varchar(255) NOT NULL,
  `startdate` varchar(48) NOT NULL,
  `enddate` varchar(48) NOT NULL,
  `description` varchar(1000) NOT NULL,
  `allDay` varchar(5) NOT NULL
) ENGINE=InnoDB DEFAULT CHARSET=latin1;

--
-- Dumping data for table `schedule`
--

INSERT INTO `schedule` (`ID`, `title`, `startdate`, `enddate`, `description`, `allDay`) VALUES
(11, 'Appointment', '2017-09-29T14:00:00', '2017-09-29T14:00:00', 'Kay Flicka Pet ni Gelo', 'false'),
(13, 'Meeting with Shei', '2017-09-29', '2017-09-29', 'To Witness Greatness', 'false'),
(33, 'Random Appointment', '2017-09-30T11:00:00', '2017-09-30T15:00:00', 'Description for Random Appointment allDay', 'false'),
(35, 'Try ', '2017-09-30T14:00:00', '2017-09-30T16:30:00', 'Try', 'false'),
(38, 'Flicka''s Vaccination', '2017-10-17T07:00:00', '2017-10-17T08:30:00', 'Flickaaaaaaaaaaaaaa', 'false'),
(40, 'sample', '2017-10-01', '2017-10-01', 'sample', 'false'),
(41, 'Flicky''s Vaccination', '2017-10-17T07:30:00', '2017-10-17T08:30:00', 'Flickyyyyyyyyyyyy', 'false'),
(42, 'Flight', '2017-10-26T07:00:00', '2017-10-26T08:30:00', 'aalis ako', 'false'),
(43, 'Sheilaaaaaaaaaaaaaaa''s bday', '2017-11-05T07:00:00', '2017-11-05T10:00:00', 'bday ni she', 'false'),
(45, 'dsada', '2018-02-07', '2018-02-07', 'dsadas', 'false'),
(46, '1', '2018-02-17T05:30:00', '2018-02-17T07:00:00', '1', 'true'),
(47, '2', '2018-02-17', '2018-02-17', '2', 'false'),
(48, '3', '2018-02-17', '2018-02-17', '3', 'false'),
(49, '4', '2018-02-17', '2018-02-17', '4', 'false'),
(50, '5', '2018-02-17T05:30:00', '2018-02-17T07:00:00', '5', 'false'),
(51, 'test', '2018-02-24', '2018-02-24', 'test', 'false'),
(52, '1', '2018-02-25T06:00:00', '2018-02-25T06:00:00', '1', 'false'),
(53, 'Test 1', '2018-03-04', '2018-03-04', 'Test 1', 'false'),
(54, 'test', '2018-03-08', '2018-03-08', 'test', 'false');

-- --------------------------------------------------------

--
-- Table structure for table `service`
--

CREATE TABLE `service` (
  `id` varchar(20) NOT NULL,
  `type` varchar(20) NOT NULL,
  `desc` varchar(40) NOT NULL,
  `servcost` decimal(10,2) NOT NULL
) ENGINE=MyISAM DEFAULT CHARSET=latin1;

--
-- Dumping data for table `service`
--

INSERT INTO `service` (`id`, `type`, `desc`, `servcost`) VALUES
('SERT-001', 'treatment', 'deworming', '1500.00'),
('SERT-002', 'treatment', 'vacination', '1000.00'),
('SERG-001', 'grooming', 'Cleaning of pet', '200.00');

-- --------------------------------------------------------

--
-- Table structure for table `services`
--

CREATE TABLE `services` (
  `id` int(11) UNSIGNED NOT NULL,
  `desc` varchar(300) NOT NULL,
  `type` varchar(100) NOT NULL
) ENGINE=InnoDB DEFAULT CHARSET=latin1;

--
-- Dumping data for table `services`
--

INSERT INTO `services` (`id`, `desc`, `type`) VALUES
(170013, 'Paw Trimming', 'Grooming'),
(170014, 'Ear cleaning', 'Grooming'),
(170015, 'Nail Clipping', 'Grooming'),
(170016, 'Bath', 'Grooming'),
(170017, 'Summer Cut (Kalbo)', 'Grooming'),
(170018, 'Puppy Cut (Lion''s Cut)', 'Grooming'),
(170019, 'Medicated Bath', 'Grooming'),
(170020, 'Anti Rabies Vaccine', 'Treatment'),
(170021, 'Deworming', 'Treatment'),
(170022, 'Ivomec Injection', 'Treatment'),
(170023, 'Urinalysis', 'Treatment'),
(170024, 'Skin Craping', 'Treatment'),
(170025, 'Direct Fecal Smear', 'Treatment'),
(170026, 'Flourecien Eye Test', 'Treatment');

-- --------------------------------------------------------

--
-- Table structure for table `stock`
--

CREATE TABLE `stock` (
  `stockno` varchar(20) NOT NULL,
  `item_desc` varchar(30) NOT NULL,
  `qty_left` int(10) NOT NULL,
  `item_cost` decimal(15,2) NOT NULL
) ENGINE=MyISAM DEFAULT CHARSET=latin1;

--
-- Dumping data for table `stock`
--

INSERT INTO `stock` (`stockno`, `item_desc`, `qty_left`, `item_cost`) VALUES
('401-001', 'Syringe', 99, '100.00'),
('401-002', 'paracetamol (test data)  ', 99, '100.00'),
('401-003', 'Dog food deluxe', 99, '300.00'),
('401-004', 'dog food regular', 99, '150.00');

-- --------------------------------------------------------

--
-- Table structure for table `user`
--

CREATE TABLE `user` (
  `userID` int(11) NOT NULL,
  `username` varchar(255) NOT NULL,
  `password` varchar(255) NOT NULL,
  `isDoctor` tinyint(1) NOT NULL,
  `name` varchar(255) NOT NULL
) ENGINE=InnoDB DEFAULT CHARSET=latin1;

--
-- Dumping data for table `user`
--

INSERT INTO `user` (`userID`, `username`, `password`, `isDoctor`, `name`) VALUES
(1, 'doctor', '1234', 1, ''),
(2, 'secretary', '1234', 0, ''),
(3, 'doctor2', '12345', 1, 'doctor2'),
(4, 'secre2', '12345', 0, 'secre2'),
(5, 'DrCerdz', '12345', 1, 'Cerdy Deloso'),
(6, 'SecGerwin', '12345', 0, 'Gerwin Gonzalo');

-- --------------------------------------------------------

--
-- Table structure for table `veterinarian`
--

CREATE TABLE `veterinarian` (
  `vetid` varchar(20) NOT NULL,
  `vetname` varchar(30) NOT NULL
) ENGINE=MyISAM DEFAULT CHARSET=latin1;

--
-- Dumping data for table `veterinarian`
--

INSERT INTO `veterinarian` (`vetid`, `vetname`) VALUES
('301-001', 'Dr. Cerdz'),
('301-002', 'Dr. Christian');

-- --------------------------------------------------------

--
-- Table structure for table `visit`
--

CREATE TABLE `visit` (
  `visitid` varchar(30) NOT NULL,
  `petid` varchar(20) NOT NULL,
  `userID` int(11) NOT NULL,
  `serviceid` varchar(20) NOT NULL,
  `visitdate` varchar(25) NOT NULL,
  `findings` varchar(20) NOT NULL,
  `recommendation` varchar(30) NOT NULL,
  `case_type` varchar(15) NOT NULL,
  `visit_cost` decimal(15,2) NOT NULL,
  `Total` decimal(11,2) NOT NULL,
  `itemCost` decimal(11,2) NOT NULL
) ENGINE=MyISAM DEFAULT CHARSET=latin1;

--
-- Dumping data for table `visit`
--

INSERT INTO `visit` (`visitid`, `petid`, `userID`, `serviceid`, `visitdate`, `findings`, `recommendation`, `case_type`, `visit_cost`, `Total`, `itemCost`) VALUES
('18-7-1-2', '7-1', 5, '170021', '2018-03-15 15:40:36', 'SICK', 'DRINK MEDS', 'Treatment', '400.00', '1000.00', '600.00'),
('18-7-1-1', '7-1', 5, '170013', '2018-03-15 14:34:57', 'payat na', 'Kain pa', 'Grooming', '0.00', '105.00', '105.00'),
('18-1-1-1', '1-1', 5, '170020', '2018-03-15 14:28:28', 'sick', 'drink med', 'Treatment', '0.00', '300.00', '300.00'),
('18-5-1-3', '5-1', 3, '170007', '2018-03-15 12:39:42', 'test', '', 'Treatment', '300.00', '200.00', '0.00'),
('18-5-1-4', '5-1', 3, '170007', '2018-03-15 13:41:25', 'test test test', 'test', 'Treatment', '200.00', '500.00', '300.00');

--
-- Indexes for dumped tables
--

--
-- Indexes for table `client`
--
ALTER TABLE `client`
  ADD PRIMARY KEY (`clientid`);

--
-- Indexes for table `itemhistory`
--
ALTER TABLE `itemhistory`
  ADD PRIMARY KEY (`id`);

--
-- Indexes for table `itemstock`
--
ALTER TABLE `itemstock`
  ADD PRIMARY KEY (`itemid`);

--
-- Indexes for table `items_used`
--
ALTER TABLE `items_used`
  ADD PRIMARY KEY (`items_used_id`);

--
-- Indexes for table `pet`
--
ALTER TABLE `pet`
  ADD PRIMARY KEY (`petid`);

--
-- Indexes for table `schedule`
--
ALTER TABLE `schedule`
  ADD PRIMARY KEY (`ID`);

--
-- Indexes for table `service`
--
ALTER TABLE `service`
  ADD PRIMARY KEY (`id`);

--
-- Indexes for table `services`
--
ALTER TABLE `services`
  ADD PRIMARY KEY (`id`);

--
-- Indexes for table `stock`
--
ALTER TABLE `stock`
  ADD PRIMARY KEY (`stockno`);

--
-- Indexes for table `user`
--
ALTER TABLE `user`
  ADD PRIMARY KEY (`userID`);

--
-- Indexes for table `veterinarian`
--
ALTER TABLE `veterinarian`
  ADD PRIMARY KEY (`vetid`);

--
-- Indexes for table `visit`
--
ALTER TABLE `visit`
  ADD PRIMARY KEY (`visitid`);

--
-- AUTO_INCREMENT for dumped tables
--

--
-- AUTO_INCREMENT for table `client`
--
ALTER TABLE `client`
  MODIFY `clientid` int(20) NOT NULL AUTO_INCREMENT, AUTO_INCREMENT=8;
--
-- AUTO_INCREMENT for table `itemhistory`
--
ALTER TABLE `itemhistory`
  MODIFY `id` int(11) NOT NULL AUTO_INCREMENT, AUTO_INCREMENT=33;
--
-- AUTO_INCREMENT for table `itemstock`
--
ALTER TABLE `itemstock`
  MODIFY `itemid` int(11) UNSIGNED NOT NULL AUTO_INCREMENT, AUTO_INCREMENT=19;
--
-- AUTO_INCREMENT for table `items_used`
--
ALTER TABLE `items_used`
  MODIFY `items_used_id` int(11) NOT NULL AUTO_INCREMENT, AUTO_INCREMENT=25;
--
-- AUTO_INCREMENT for table `schedule`
--
ALTER TABLE `schedule`
  MODIFY `ID` int(11) NOT NULL AUTO_INCREMENT, AUTO_INCREMENT=55;
--
-- AUTO_INCREMENT for table `services`
--
ALTER TABLE `services`
  MODIFY `id` int(11) UNSIGNED NOT NULL AUTO_INCREMENT, AUTO_INCREMENT=170027;
--
-- AUTO_INCREMENT for table `user`
--
ALTER TABLE `user`
  MODIFY `userID` int(11) NOT NULL AUTO_INCREMENT, AUTO_INCREMENT=7;
/*!40101 SET CHARACTER_SET_CLIENT=@OLD_CHARACTER_SET_CLIENT */;
/*!40101 SET CHARACTER_SET_RESULTS=@OLD_CHARACTER_SET_RESULTS */;
/*!40101 SET COLLATION_CONNECTION=@OLD_COLLATION_CONNECTION */;
